homework,1358
calculus,1356
linear-algebra,1238
probability,1048
real-analysis,995
number-theory,989
geometry,959
combinatorics,807
abstract-algebra,756
group-theory,727
general-topology,702
algebra,671
sequences-and-series,670
analysis,614
reference-request,556
matrices,527
algebra-precalculus,508
statistics,480
complex-analysis,475
algebraic-geometry,470
algebraic-topology,454
integral,445
soft-question,429
logic,428
trigonometry,418
algorithms,416
differential-equations,393
differential-geometry,378
graph-theory,369
measure-theory,366
functional-analysis,363
probability-theory,358
elementary-number-theory,342
functions,341
commutative-algebra,323
elementary-set-theory,316
set-theory,294
stochastic-processes,256
polynomials,255
computer-science,250
multivariable-calculus,230
notation,226
terminology,225
inequality,223
ring-theory,220
prime-numbers,190
fourier-analysis,189
limit,189
optimization,187
numerical-methods,185
probability-distributions,182
category-theory,182
representation-theory,161
euclidean-geometry,160
discrete-mathematics,157
algebraic-number-theory,156
intuition,155
arithmetic,151
field-theory,137
big-list,133
special-functions,132
physics,132
vector-space,128
complex-numbers,116
binomial-coefficients,114
puzzle,113
modular-arithmetic,112
analytic-geometry,111
math-software,111
differential-topology,109
permutations,102
logarithms,102
diophantine-equations,99
asymptotics,98
modules,96
approximation,95
education,93
pde,90
math-history,90
convergence,88
fourier-series,85
metric-spaces,84
definition,84
integration,83
lie-groups,82
eigenvalues,81
recurrence-relations,81
computability,77
finite-groups,76
homological-algebra,76
lie-algebras,76
cryptography,75
galois-theory,75
induction,75
functional-equations,73
banach-spaces,72
recreational-mathematics,70
manifolds,69
proof-strategy,68
mathematica,67
signal-processing,67
random,66
analytic-number-theory,65
power-series,64
computational-geometry,64
transformation,60
cardinals,60
circle,60
dynamical-systems,59
self-learning,58
finance,57
infinity,57
model-theory,55
plane-curves,55
finite-fields,55
matlab,54
conic-sections,51
game-theory,51
linear-programming,51
cohomology,51
convex-optimization,50
generating-functions,50
normal-distribution,49
applications,49
hilbert-spaces,49
3d,49
order-theory,49
abelian-groups,47
riemannian-geometry,47
examples-counterexamples,46
operator-theory,46
teaching,45
roots,45
graph,45
eigenvectors,44
learning,44
exponentiation,44
taylor-expansion,43
boolean-algebra,43
regression,43
contest-math,43
convex-analysis,42
pi,42
axiom-of-choice,42
complexity,42
mathematical-modeling,41
quaternions,41
number,40
relations,39
harmonic-analysis,39
rotations,38
average,38
philosophy,37
elliptic-curves,37
mathematical-physics,36
fractals,36
bezier-curve,35
modular-forms,34
irrational-numbers,34
gamma-function,34
riemann-surfaces,34
inner-product-space,33
triangle,32
topological-groups,32
proof-theory,32
fibonacci-numbers,32
homotopy-theory,31
sheaf-theory,31
polar-coordinates,31
partitions,30
projective-geometry,30
norm,30
riemann-zeta,30
hyperbolic-geometry,30
formal-systems,30
algebraic-curves,29
integral-transforms,29
homology,29
divisibility,29
improper-integrals,29
coordinate-systems,29
distribution-theory,29
spherical-geometry,29
problem-solving,29
np-complete,28
nonlinear-optimization,27
calculus-of-variations,27
arithmetic-geometry,27
counting,27
continued-fractions,26
schemes,26
calculator,26
tensor-products,26
quadratic-forms,26
convex-sets,25
algebraic-groups,25
fractions,24
factorial,24
lattices,24
spectral-theory,23
p-adic-number-theory,23
standard-deviation,22
tensors,22
machine-learning,22
number-systems,22
factoring,21
information-theory,21
discrete-geometry,21
symmetric-groups,21
differential,21
descriptive-set-theory,21
large-cardinals,21
complex-geometry,21
automata,20
economics,20
visualization,20
online-resources,20
correlation,20
convolution,20
intersection,20
geometric-construction,20
ordinals,19
definite-integral,19
powers,19
propositional-calculus,19
determinant,18
surfaces,18
differential-forms,17
vector-analysis,17
tiling,17
card-games,17
multilinear-algebra,17
computational-mathematics,17
simple-groups,17
classical-analysis,17
proof-writing,17
inverse,16
products,16
parametric,16
topological-vector-spaces,16
computer-algebra-systems,16
trees,16
exterior-algebra,15
maple,15
simulation,15
image-processing,15
closed-form,15
group-cohomology,15
markov-chains,15
numerical-linear-algebra,15
sorting,14
classical-mechanics,14
fiber-bundles,14
knot-theory,14
interpolation,14
estimation-theory,14
stirling-numbers,14
monte-carlo,14
divergent-series,14
paradox,13
faq,13
quadratics,13
topological-k-theory,13
curvature,13
wavelet-transform,13
abelian-categories,13
vector-bundles,13
spherical-coordinates,13
incompleteness,13
open-problem,13
projective-space,13
stochastic-integrals,13
sigma-algebra,12
meta-math,12
ergodic-theory,12
zeta-functions,12
coding-theory,12
semigroups,12
wolframalpha,12
axioms,12
absolute-value,12
recursive-algorithms,12
natural-number,12
quantum-groups,12
fake-proofs,11
lambda-calculus,11
characteristic-classes,11
big-numbers,11
matroids,11
packing-problem,11
integer-programming,11
c-star-algebras,11
ideals,11
advice,10
forcing,10
noncommutative-geometry,10
universal-algebra,10
network-flow,10
numerical-optimization,10
projective-schemes,10
latin-square,10
pattern-recognition,10
monoid,10
characters,10
control-theory,10
transcendental-numbers,9
symplectic-geometry,9
transformational-geometry,9
polyhedra,9
orthonormal,9
low-dimensional-topology,9
inversion,9
constructive-mathematics,9
noncommutative-algebra,9
pigeonhole-principle,9
symbolic-computation,9
algebraic-k-theory,9
locally-compact-groups,9
coloring,9
fuzzy-logic,8
project-euler,8
chemistry,8
covering-spaces,8
queueing-theory,8
calendar-computations,8
quantifiers,8
duality-theorems,8
quadratic-reciprocity,8
decimal-expansion,8
spherical-harmonics,8
operator-algebras,8
sampling,8
finite-differences,8
brownian-motion,8
presentation,8
dice,8
addition,8
clustering,7
nash-equilibrium,7
conjectures,7
random-walk,7
integral-equations,7
partial-fractions,7
mathematicians,7
normed-spaces,7
combinatorial-game-theory,7
data-analysis,7
sobolev-spaces,7
solid-geometry,7
classifying-spaces,7
laplace-transform,6
catalan-numbers,6
convention,6
riemann-hypothesis,6
reflection,6
monoidal-categories,6
big-picture,6
entropy,6
searching,6
grassmannian,6
geometric-measure-theory,6
diophantine-approximation,6
cross-product,6
valuation-theory,6
rngs,6
differential-algebra,6
totient-function,6
analyticity,6
conformal-geometry,6
rigid-transformation,6
elliptic-functions,5
type-theory,5
kolmogorov-complexity,5
riddle,5
real-number-computation,5
topos-theory,5
parity,5
alternative-proof,5
publishing,5
random-functions,5
perturbation-theory,5
famous-theorems,5
tessellations,5
popular-math,5
automorphic-forms,5
geometric-topology,5
putnam,5
music-theory,4
career-development,4
fibration,4
formal-languages,4
morphism,4
chaos-theory,4
network,4
fair-division,4
graded-modules,4
ramsey-theory,4
q-analogs,4
octonions,4
loops,4
general-relativity,4
principal-ideal-domains,4
theta-functions,4
descent,4
polytopes,4
motivation,4
context-free-grammar,4
equidistribution,4
dimension-theory,4
adjoint,4
approximation-theory,4
ramanujan,4
contradiction,4
quasicoherent-sheaves,4
polish-notation,4
difference-equations,4
nonstandard-analysis,3
gradient-flows,3
transfinite-recursion,3
automated-theorem-proving,3
hash-function,3
coherent-sheaves,3
modal-logic,3
loop-spaces,3
social-choice-theory,3
cryptarithm,3
geodesy,3
k-theory,3
transcendence-theory,3
extremal-combinatorics,3
central-limit-theorem,3
minimal-surfaces,3
quasigroups,3
q-series,3
finitism,3
experimental-mathematics,3
exponential-sum,3
rational-functions,3
simplicial-stuff,3
art,3
higher-order-logic,3
d-modules,3
chaotic-systems,3
noise,3
symmetric-functions,2
tetration,2
quantum-calculus,2
spectral-sequences,2
invariance,2
dihedral-groups,2
lfsr,2
higher-category-theory,2
cohomological-operations,2
l-functions,2
quantitative-aptitude,2
compass-and-straightedge,2
division-algebras,2
geometric-distribution,2
string-theory,2
carmichael-function,2
quantifier-elimination,2
tomography,1
digit,1
function-fields,1
analog-computer,1
nonclassical-logic,1
quasiconformal,1
deformation-theory,1
voting-theory,1
functional-integration,1
traffic,1
stochastics,1
triangulated-categories,1
rational-points,1
quadatic-forms,1
measuring-instrument,1
collision-detection,1
computational-topology,1
almost-periodic-functions,1
coq,1
orbifolds,1
vapnik-chervonenkis,1
reverse-math,1
extrapolation,1
mixed-base,1
branching-processes,1
expected-value,1
uniform-distribution,1
pushdown-automata,1
persistent-homology,1
enriched-categories,1
seifert-van-kampen,1
formatting,1
relation-algebra,1
tex,1
origami,1
domain-theory,1
braid-groups,1
algebraic-function,1
cobordism,1
superalgebra,1
